FreezerID,TrayID,TraysiPotionInFreezer,TrayBarcode,RackID,RackPositionInTray,WellID,SampleID,SampleBarcode,Pick
1,1,01-01,1111111111,1,1,A01,1,1000000001,1
1,1,01-01,1111111111,1,1,A02,2,1000000002,
1,1,01-01,1111111111,1,1,A03,3,1000000003,0
1,1,01-01,1111111111,1,1,A04,4,1000000004,0
1,1,01-01,1111111111,1,1,A05,5,1000000005,0
1,1,01-01,1111111111,1,1,A06,6,1000000006,
1,1,01-01,1111111111,1,1,A07,7,1000000007,0
1,1,01-01,1111111111,1,1,A08,8,1000000008,0
1,1,01-01,1111111111,1,1,A09,9,1000000009,
1,1,01-01,1111111111,1,1,A10,10,1000000010,0
1,1,01-01,1111111111,1,1,A11,11,1000000011,0
1,1,01-01,1111111111,1,1,A12,12,1000000012,
1,1,01-01,1111111111,1,1,B01,13,1000000013,1
1,1,01-01,1111111111,1,1,B02,14,1000000014,0
1,1,01-01,1111111111,1,1,B03,15,1000000015,0
1,1,01-01,1111111111,1,1,B04,16,1000000016,
1,1,01-01,1111111111,1,1,B05,17,1000000017,0
1,1,01-01,1111111111,1,1,B06,18,1000000018,
1,1,01-01,1111111111,1,1,B07,19,1000000019,0
1,1,01-01,1111111111,1,1,B08,20,1000000020,1
1,1,01-01,1111111111,1,1,B09,21,1000000021,0
1,1,01-01,1111111111,1,1,B10,22,1000000022,
1,1,01-01,1111111111,1,1,B11,23,1000000023,
1,1,01-01,1111111111,1,1,B12,24,1000000024,
1,1,01-01,1111111111,1,1,C01,25,1000000025,
1,1,01-01,1111111111,1,1,C02,26,1000000026,
1,1,01-01,1111111111,1,1,C03,27,1000000027,0
1,1,01-01,1111111111,1,1,C04,28,1000000028,
1,1,01-01,1111111111,1,1,C05,29,1000000029,1
1,1,01-01,1111111111,1,1,C06,30,1000000030,0
1,1,01-01,1111111111,1,1,C07,31,1000000031,0
1,1,01-01,1111111111,1,1,C08,32,1000000032,
1,1,01-01,1111111111,1,1,C09,33,1000000033,0
1,1,01-01,1111111111,1,1,C10,34,1000000034,
1,1,01-01,1111111111,1,1,C11,35,1000000035,0
1,1,01-01,1111111111,1,1,C12,36,1000000036,1
1,1,01-01,1111111111,1,1,D01,37,1000000037,0
1,1,01-01,1111111111,1,1,D02,38,1000000038,0
1,1,01-01,1111111111,1,1,D03,39,1000000039,
1,1,01-01,1111111111,1,1,D04,40,1000000040,0
1,1,01-01,1111111111,1,1,D05,41,1000000041,0
1,1,01-01,1111111111,1,1,D06,42,1000000042,
1,1,01-01,1111111111,1,1,D07,43,1000000043,0
1,1,01-01,1111111111,1,1,D08,44,1000000044,
1,1,01-01,1111111111,1,1,D09,45,1000000045,
1,1,01-01,1111111111,1,1,D10,46,1000000046,0
1,1,01-01,1111111111,1,1,D11,47,1000000047,0
1,1,01-01,1111111111,1,1,D12,48,1000000048,0
1,1,01-01,1111111111,1,1,E01,49,1000000049,0
1,1,01-01,1111111111,1,1,E02,50,1000000050,
1,1,01-01,1111111111,1,1,E03,51,1000000051,0
1,1,01-01,1111111111,1,1,E04,52,1000000052,0
1,1,01-01,1111111111,1,1,E05,53,1000000053,0
1,1,01-01,1111111111,1,1,E06,54,1000000054,0
1,1,01-01,1111111111,1,1,E07,55,1000000055,0
1,1,01-01,1111111111,1,1,E08,56,1000000056,
1,1,01-01,1111111111,1,1,E09,57,1000000057,0
1,1,01-01,1111111111,1,1,E10,58,1000000058,0
1,1,01-01,1111111111,1,1,E11,59,1000000059,
1,1,01-01,1111111111,1,1,E12,60,1000000060,0
1,1,01-01,1111111111,1,1,F01,61,1000000061,
1,1,01-01,1111111111,1,1,F02,62,1000000062,
1,1,01-01,1111111111,1,1,F03,63,1000000063,0
1,1,01-01,1111111111,1,1,F04,64,1000000064,0
1,1,01-01,1111111111,1,1,F05,65,1000000065,1
1,1,01-01,1111111111,1,1,F06,66,1000000066,0
1,1,01-01,1111111111,1,1,F07,67,1000000067,0
1,1,01-01,1111111111,1,1,F08,68,1000000068,0
1,1,01-01,1111111111,1,1,F09,69,1000000069,
1,1,01-01,1111111111,1,1,F10,70,1000000070,0
1,1,01-01,1111111111,1,1,F11,71,1000000071,0
1,1,01-01,1111111111,1,1,F12,72,1000000072,
1,1,01-01,1111111111,1,1,G01,73,1000000073,
1,1,01-01,1111111111,1,1,G02,74,1000000074,0
1,1,01-01,1111111111,1,1,G03,75,1000000075,
1,1,01-01,1111111111,1,1,G04,76,1000000076,
1,1,01-01,1111111111,1,1,G05,77,1000000077,0
1,1,01-01,1111111111,1,1,G06,78,1000000078,
1,1,01-01,1111111111,1,1,G07,79,1000000079,
1,1,01-01,1111111111,1,1,G08,80,1000000080,0
1,1,01-01,1111111111,1,1,G09,81,1000000081,
1,1,01-01,1111111111,1,1,G10,82,1000000082,0
1,1,01-01,1111111111,1,1,G11,83,1000000083,0
1,1,01-01,1111111111,1,1,G12,84,1000000084,0
1,1,01-01,1111111111,1,1,H01,85,1000000085,0
1,1,01-01,1111111111,1,1,H02,86,1000000086,
1,1,01-01,1111111111,1,1,H03,87,1000000087,0
1,1,01-01,1111111111,1,1,H04,88,1000000088,0
1,1,01-01,1111111111,1,1,H05,89,1000000089,0
1,1,01-01,1111111111,1,1,H06,90,1000000090,1
1,1,01-01,1111111111,1,1,H07,91,1000000091,
1,1,01-01,1111111111,1,1,H08,92,1000000092,1
1,1,01-01,1111111111,1,1,H09,93,1000000093,1
1,1,01-01,1111111111,1,1,H10,94,1000000094,0
1,1,01-01,1111111111,1,1,H11,95,1000000095,0
1,1,01-01,1111111111,1,1,H12,96,1000000096,0
1,1,01-01,1111111111,1,2,A01,97,1000000097,
1,1,01-01,1111111111,1,2,A02,98,1000000098,0
1,1,01-01,1111111111,1,2,A03,99,1000000099,0
1,1,01-01,1111111111,1,2,A04,100,1000000100,0
1,1,01-01,1111111111,1,2,A05,101,1000000101,0
1,1,01-01,1111111111,1,2,A06,102,1000000102,0
1,1,01-01,1111111111,1,2,A07,103,1000000103,
1,1,01-01,1111111111,1,2,A08,104,1000000104,0
1,1,01-01,1111111111,1,2,A09,105,1000000105,0
1,1,01-01,1111111111,1,2,A10,106,1000000106,
1,1,01-01,1111111111,1,2,A11,107,1000000107,0
1,1,01-01,1111111111,1,2,A12,108,1000000108,0
1,1,01-01,1111111111,1,2,B01,109,1000000109,0
1,1,01-01,1111111111,1,2,B02,110,1000000110,0
1,1,01-01,1111111111,1,2,B03,111,1000000111,0
1,1,01-01,1111111111,1,2,B04,112,1000000112,
1,1,01-01,1111111111,1,2,B05,113,1000000113,1
1,1,01-01,1111111111,1,2,B06,114,1000000114,0
1,1,01-01,1111111111,1,2,B07,115,1000000115,0
1,1,01-01,1111111111,1,2,B08,116,1000000116,0
1,1,01-01,1111111111,1,2,B09,117,1000000117,0
1,1,01-01,1111111111,1,2,B10,118,1000000118,0
1,1,01-01,1111111111,1,2,B11,119,1000000119,
1,1,01-01,1111111111,1,2,B12,120,1000000120,0
1,1,01-01,1111111111,1,2,C01,121,1000000121,
1,1,01-01,1111111111,1,2,C02,122,1000000122,0
1,1,01-01,1111111111,1,2,C03,123,1000000123,0
1,1,01-01,1111111111,1,2,C04,124,1000000124,0
1,1,01-01,1111111111,1,2,C05,125,1000000125,0
1,1,01-01,1111111111,1,2,C06,126,1000000126,0
1,1,01-01,1111111111,1,2,C07,127,1000000127,
1,1,01-01,1111111111,1,2,C08,128,1000000128,0
1,1,01-01,1111111111,1,2,C09,129,1000000129,0
1,1,01-01,1111111111,1,2,C10,130,1000000130,0
1,1,01-01,1111111111,1,2,C11,131,1000000131,0
1,1,01-01,1111111111,1,2,C12,132,1000000132,0
1,1,01-01,1111111111,1,2,D01,133,1000000133,0
1,1,01-01,1111111111,1,2,D02,134,1000000134,
1,1,01-01,1111111111,1,2,D03,135,1000000135,0
1,1,01-01,1111111111,1,2,D04,136,1000000136,0
1,1,01-01,1111111111,1,2,D05,137,1000000137,0
1,1,01-01,1111111111,1,2,D06,138,1000000138,
1,1,01-01,1111111111,1,2,D07,139,1000000139,0
1,1,01-01,1111111111,1,2,D08,140,1000000140,0
1,1,01-01,1111111111,1,2,D09,141,1000000141,0
1,1,01-01,1111111111,1,2,D10,142,1000000142,0
1,1,01-01,1111111111,1,2,D11,143,1000000143,0
1,1,01-01,1111111111,1,2,D12,144,1000000144,0
1,1,01-01,1111111111,1,2,E01,145,1000000145,
1,1,01-01,1111111111,1,2,E02,146,1000000146,0
1,1,01-01,1111111111,1,2,E03,147,1000000147,0
1,1,01-01,1111111111,1,2,E04,148,1000000148,0
1,1,01-01,1111111111,1,2,E05,149,1000000149,0
1,1,01-01,1111111111,1,2,E06,150,1000000150,
1,1,01-01,1111111111,1,2,E07,151,1000000151,0
1,1,01-01,1111111111,1,2,E08,152,1000000152,0
1,1,01-01,1111111111,1,2,E09,153,1000000153,0
1,1,01-01,1111111111,1,2,E10,154,1000000154,
1,1,01-01,1111111111,1,2,E11,155,1000000155,0
1,1,01-01,1111111111,1,2,E12,156,1000000156,0
1,1,01-01,1111111111,1,2,F01,157,1000000157,
1,1,01-01,1111111111,1,2,F02,158,1000000158,0
1,1,01-01,1111111111,1,2,F03,159,1000000159,0
1,1,01-01,1111111111,1,2,F04,160,1000000160,
1,1,01-01,1111111111,1,2,F05,161,1000000161,0
1,1,01-01,1111111111,1,2,F06,162,1000000162,0
1,1,01-01,1111111111,1,2,F07,163,1000000163,0
1,1,01-01,1111111111,1,2,F08,164,1000000164,0
1,1,01-01,1111111111,1,2,F09,165,1000000165,0
1,1,01-01,1111111111,1,2,F10,166,1000000166,0
1,1,01-01,1111111111,1,2,F11,167,1000000167,1
1,1,01-01,1111111111,1,2,F12,168,1000000168,0
1,1,01-01,1111111111,1,2,G01,169,1000000169,0
1,1,01-01,1111111111,1,2,G02,170,1000000170,0
1,1,01-01,1111111111,1,2,G03,171,1000000171,
1,1,01-01,1111111111,1,2,G04,172,1000000172,0
1,1,01-01,1111111111,1,2,G05,173,1000000173,0
1,1,01-01,1111111111,1,2,G06,174,1000000174,0
1,1,01-01,1111111111,1,2,G07,175,1000000175,0
1,1,01-01,1111111111,1,2,G08,176,1000000176,0
1,1,01-01,1111111111,1,2,G09,177,1000000177,
1,1,01-01,1111111111,1,2,G10,178,1000000178,0
1,1,01-01,1111111111,1,2,G11,179,1000000179,0
1,1,01-01,1111111111,1,2,G12,180,1000000180,0
1,1,01-01,1111111111,1,2,H01,181,1000000181,0
1,1,01-01,1111111111,1,2,H02,182,1000000182,0
1,1,01-01,1111111111,1,2,H03,183,1000000183,
1,1,01-01,1111111111,1,2,H04,184,1000000184,0
1,1,01-01,1111111111,1,2,H05,185,1000000185,1
1,1,01-01,1111111111,1,2,H06,186,1000000186,
1,1,01-01,1111111111,1,2,H07,187,1000000187,0
1,1,01-01,1111111111,1,2,H08,188,1000000188,
1,1,01-01,1111111111,1,2,H09,189,1000000189,
1,1,01-01,1111111111,1,2,H10,190,1000000190,
1,1,01-01,1111111111,1,2,H11,191,1000000191,
1,1,01-01,1111111111,1,2,H12,192,1000000192,
1,1,01-01,1111111111,1,3,A01,193,1000000193,
1,1,01-01,1111111111,1,3,A02,194,1000000194,
1,1,01-01,1111111111,1,3,A03,195,1000000195,0
1,1,01-01,1111111111,1,3,A04,196,1000000196,0
1,1,01-01,1111111111,1,3,A05,197,1000000197,0
1,1,01-01,1111111111,1,3,A06,198,1000000198,0
1,1,01-01,1111111111,1,3,A07,199,1000000199,
1,1,01-01,1111111111,1,3,A08,200,1000000200,0
1,1,01-01,1111111111,1,3,A09,201,1000000201,0
1,1,01-01,1111111111,1,3,A10,202,1000000202,0
1,1,01-01,1111111111,1,3,A11,203,1000000203,0
1,1,01-01,1111111111,1,3,A12,204,1000000204,0
1,1,01-01,1111111111,1,3,B01,205,1000000205,1
1,1,01-01,1111111111,1,3,B02,206,1000000206,0
1,1,01-01,1111111111,1,3,B03,207,1000000207,
1,1,01-01,1111111111,1,3,B04,208,1000000208,0
1,1,01-01,1111111111,1,3,B05,209,1000000209,0
1,1,01-01,1111111111,1,3,B06,210,1000000210,0
1,1,01-01,1111111111,1,3,B07,211,1000000211,0
1,1,01-01,1111111111,1,3,B08,212,1000000212,
1,1,01-01,1111111111,1,3,B09,213,1000000213,
1,1,01-01,1111111111,1,3,B10,214,1000000214,
1,1,01-01,1111111111,1,3,B11,215,1000000215,
1,1,01-01,1111111111,1,3,B12,216,1000000216,0
1,1,01-01,1111111111,1,3,C01,217,1000000217,0
1,1,01-01,1111111111,1,3,C02,218,1000000218,0
1,1,01-01,1111111111,1,3,C03,219,1000000219,0
1,1,01-01,1111111111,1,3,C04,220,1000000220,
1,1,01-01,1111111111,1,3,C05,221,1000000221,1
1,1,01-01,1111111111,1,3,C06,222,1000000222,0
1,1,01-01,1111111111,1,3,C07,223,1000000223,0
1,1,01-01,1111111111,1,3,C08,224,1000000224,
1,1,01-01,1111111111,1,3,C09,225,1000000225,0
1,1,01-01,1111111111,1,3,C10,226,1000000226,0
1,1,01-01,1111111111,1,3,C11,227,1000000227,0
1,1,01-01,1111111111,1,3,C12,228,1000000228,1
1,1,01-01,1111111111,1,3,D01,229,1000000229,0
1,1,01-01,1111111111,1,3,D02,230,1000000230,
1,1,01-01,1111111111,1,3,D03,231,1000000231,0
1,1,01-01,1111111111,1,3,D04,232,1000000232,0
1,1,01-01,1111111111,1,3,D05,233,1000000233,0
1,1,01-01,1111111111,1,3,D06,234,1000000234,
1,1,01-01,1111111111,1,3,D07,235,1000000235,0
1,1,01-01,1111111111,1,3,D08,236,1000000236,
1,1,01-01,1111111111,1,3,D09,237,1000000237,
1,1,01-01,1111111111,1,3,D10,238,1000000238,0
1,1,01-01,1111111111,1,3,D11,239,1000000239,0
1,1,01-01,1111111111,1,3,D12,240,1000000240,0
1,1,01-01,1111111111,1,3,E01,241,1000000241,
1,1,01-01,1111111111,1,3,E02,242,1000000242,0
1,1,01-01,1111111111,1,3,E03,243,1000000243,0
1,1,01-01,1111111111,1,3,E04,244,1000000244,
1,1,01-01,1111111111,1,3,E05,245,1000000245,0
1,1,01-01,1111111111,1,3,E06,246,1000000246,0
1,1,01-01,1111111111,1,3,E07,247,1000000247,0
1,1,01-01,1111111111,1,3,E08,248,1000000248,
1,1,01-01,1111111111,1,3,E09,249,1000000249,0
1,1,01-01,1111111111,1,3,E10,250,1000000250,0
1,1,01-01,1111111111,1,3,E11,251,1000000251,0
1,1,01-01,1111111111,1,3,E12,252,1000000252,
1,1,01-01,1111111111,1,3,F01,253,1000000253,0
1,1,01-01,1111111111,1,3,F02,254,1000000254,0
1,1,01-01,1111111111,1,3,F03,255,1000000255,0
1,1,01-01,1111111111,1,3,F04,256,1000000256,
1,1,01-01,1111111111,1,3,F05,257,1000000257,1
1,1,01-01,1111111111,1,3,F06,258,1000000258,0
1,1,01-01,1111111111,1,3,F07,259,1000000259,
1,1,01-01,1111111111,1,3,F08,260,1000000260,0
1,1,01-01,1111111111,1,3,F09,261,1000000261,
1,1,01-01,1111111111,1,3,F10,262,1000000262,0
1,1,01-01,1111111111,1,3,F11,263,1000000263,0
1,1,01-01,1111111111,1,3,F12,264,1000000264,0
1,1,01-01,1111111111,1,3,G01,265,1000000265,
1,1,01-01,1111111111,1,3,G02,266,1000000266,0
1,1,01-01,1111111111,1,3,G03,267,1000000267,
1,1,01-01,1111111111,1,3,G04,268,1000000268,
1,1,01-01,1111111111,1,3,G05,269,1000000269,0
1,1,01-01,1111111111,1,3,G06,270,1000000270,0
1,1,01-01,1111111111,1,3,G07,271,1000000271,0
1,1,01-01,1111111111,1,3,G08,272,1000000272,
1,1,01-01,1111111111,1,3,G09,273,1000000273,0
1,1,01-01,1111111111,1,3,G10,274,1000000274,0
1,1,01-01,1111111111,1,3,G11,275,1000000275,
1,1,01-01,1111111111,1,3,G12,276,1000000276,
1,1,01-01,1111111111,1,3,H01,277,1000000277,0
1,1,01-01,1111111111,1,3,H02,278,1000000278,0
1,1,01-01,1111111111,1,3,H03,279,1000000279,0
1,1,01-01,1111111111,1,3,H04,280,1000000280,
1,1,01-01,1111111111,1,3,H05,281,1000000281,0
1,1,01-01,1111111111,1,3,H06,282,1000000282,1
1,1,01-01,1111111111,1,3,H07,283,1000000283,0
1,1,01-01,1111111111,1,3,H08,284,1000000284,
1,1,01-01,1111111111,1,3,H09,285,1000000285,1
1,1,01-01,1111111111,1,3,H10,286,1000000286,
1,1,01-01,1111111111,1,3,H11,287,1000000287,
1,1,01-01,1111111111,1,3,H12,288,1000000288,0
1,1,01-01,1111111111,1,4,A01,289,1000000289,0
1,1,01-01,1111111111,1,4,A02,290,1000000290,0
1,1,01-01,1111111111,1,4,A03,291,1000000291,
1,1,01-01,1111111111,1,4,A04,292,1000000292,0
1,1,01-01,1111111111,1,4,A05,293,1000000293,
1,1,01-01,1111111111,1,4,A06,294,1000000294,
1,1,01-01,1111111111,1,4,A07,295,1000000295,0
1,1,01-01,1111111111,1,4,A08,296,1000000296,
1,1,01-01,1111111111,1,4,A09,297,1000000297,0
1,1,01-01,1111111111,1,4,A10,298,1000000298,0
1,1,01-01,1111111111,1,4,A11,299,1000000299,0
1,1,01-01,1111111111,1,4,A12,300,1000000300,0
1,1,01-01,1111111111,1,4,B01,301,1000000301,0
1,1,01-01,1111111111,1,4,B02,302,1000000302,0
1,1,01-01,1111111111,1,4,B03,303,1000000303,
1,1,01-01,1111111111,1,4,B04,304,1000000304,
1,1,01-01,1111111111,1,4,B05,305,1000000305,0
1,1,01-01,1111111111,1,4,B06,306,1000000306,0
1,1,01-01,1111111111,1,4,B07,307,1000000307,0
1,1,01-01,1111111111,1,4,B08,308,1000000308,0
1,1,01-01,1111111111,1,4,B09,309,1000000309,0
1,1,01-01,1111111111,1,4,B10,310,1000000310,
1,1,01-01,1111111111,1,4,B11,311,1000000311,0
1,1,01-01,1111111111,1,4,B12,312,1000000312,0
1,1,01-01,1111111111,1,4,C01,313,1000000313,0
1,1,01-01,1111111111,1,4,C02,314,1000000314,0
1,1,01-01,1111111111,1,4,C03,315,1000000315,0
1,1,01-01,1111111111,1,4,C04,316,1000000316,0
1,1,01-01,1111111111,1,4,C05,317,1000000317,1
1,1,01-01,1111111111,1,4,C06,318,1000000318,
1,1,01-01,1111111111,1,4,C07,319,1000000319,0
1,1,01-01,1111111111,1,4,C08,320,1000000320,0
1,1,01-01,1111111111,1,4,C09,321,1000000321,0
1,1,01-01,1111111111,1,4,C10,322,1000000322,0
1,1,01-01,1111111111,1,4,C11,323,1000000323,
1,1,01-01,1111111111,1,4,C12,324,1000000324,0
1,1,01-01,1111111111,1,4,D01,325,1000000325,0
1,1,01-01,1111111111,1,4,D02,326,1000000326,0
1,1,01-01,1111111111,1,4,D03,327,1000000327,
1,1,01-01,1111111111,1,4,D04,328,1000000328,0
1,1,01-01,1111111111,1,4,D05,329,1000000329,0
1,1,01-01,1111111111,1,4,D06,330,1000000330,0
1,1,01-01,1111111111,1,4,D07,331,1000000331,
1,1,01-01,1111111111,1,4,D08,332,1000000332,0
1,1,01-01,1111111111,1,4,D09,333,1000000333,0
1,1,01-01,1111111111,1,4,D10,334,1000000334,0
1,1,01-01,1111111111,1,4,D11,335,1000000335,
1,1,01-01,1111111111,1,4,D12,336,1000000336,1
1,1,01-01,1111111111,1,4,E01,337,1000000337,0
1,1,01-01,1111111111,1,4,E02,338,1000000338,0
1,1,01-01,1111111111,1,4,E03,339,1000000339,
1,1,01-01,1111111111,1,4,E04,340,1000000340,0
1,1,01-01,1111111111,1,4,E05,341,1000000341,0
1,1,01-01,1111111111,1,4,E06,342,1000000342,
1,1,01-01,1111111111,1,4,E07,343,1000000343,0
1,1,01-01,1111111111,1,4,E08,344,1000000344,
1,1,01-01,1111111111,1,4,E09,345,1000000345,
1,1,01-01,1111111111,1,4,E10,346,1000000346,
1,1,01-01,1111111111,1,4,E11,347,1000000347,
1,1,01-01,1111111111,1,4,E12,348,1000000348,
1,1,01-01,1111111111,1,4,F01,349,1000000349,0
1,1,01-01,1111111111,1,4,F02,350,1000000350,
1,1,01-01,1111111111,1,4,F03,351,1000000351,0
1,1,01-01,1111111111,1,4,F04,352,1000000352,
1,1,01-01,1111111111,1,4,F05,353,1000000353,0
1,1,01-01,1111111111,1,4,F06,354,1000000354,
1,1,01-01,1111111111,1,4,F07,355,1000000355,
1,1,01-01,1111111111,1,4,F08,356,1000000356,0
1,1,01-01,1111111111,1,4,F09,357,1000000357,0
1,1,01-01,1111111111,1,4,F10,358,1000000358,1
1,1,01-01,1111111111,1,4,F11,359,1000000359,0
1,1,01-01,1111111111,1,4,F12,360,1000000360,0
1,1,01-01,1111111111,1,4,G01,361,1000000361,0
1,1,01-01,1111111111,1,4,G02,362,1000000362,0
1,1,01-01,1111111111,1,4,G03,363,1000000363,0
1,1,01-01,1111111111,1,4,G04,364,1000000364,
1,1,01-01,1111111111,1,4,G05,365,1000000365,0
1,1,01-01,1111111111,1,4,G06,366,1000000366,0
1,1,01-01,1111111111,1,4,G07,367,1000000367,0
1,1,01-01,1111111111,1,4,G08,368,1000000368,
1,1,01-01,1111111111,1,4,G09,369,1000000369,
1,1,01-01,1111111111,1,4,G10,370,1000000370,0
1,1,01-01,1111111111,1,4,G11,371,1000000371,0
1,1,01-01,1111111111,1,4,G12,372,1000000372,0
1,1,01-01,1111111111,1,4,H01,373,1000000373,
1,1,01-01,1111111111,1,4,H02,374,1000000374,0
1,1,01-01,1111111111,1,4,H03,375,1000000375,0
1,1,01-01,1111111111,1,4,H04,376,1000000376,0
1,1,01-01,1111111111,1,4,H05,377,1000000377,
1,1,01-01,1111111111,1,4,H06,378,1000000378,0
1,1,01-01,1111111111,1,4,H07,379,1000000379,
1,1,01-01,1111111111,1,4,H08,380,1000000380,0
1,1,01-01,1111111111,1,4,H09,381,1000000381,0
1,1,01-01,1111111111,1,4,H10,382,1000000382,0
1,1,01-01,1111111111,1,4,H11,383,1000000383,0
1,1,01-01,1111111111,1,4,H12,384,1000000384,0
1,1,01-01,1111111111,1,5,A01,385,1000000385,0
1,1,01-01,1111111111,1,5,A02,386,1000000386,
1,1,01-01,1111111111,1,5,A03,387,1000000387,
1,1,01-01,1111111111,1,5,A04,388,1000000388,
1,1,01-01,1111111111,1,5,A05,389,1000000389,0
1,1,01-01,1111111111,1,5,A06,390,1000000390,
1,1,01-01,1111111111,1,5,A07,391,1000000391,0
1,1,01-01,1111111111,1,5,A08,392,1000000392,0
1,1,01-01,1111111111,1,5,A09,393,1000000393,0
1,1,01-01,1111111111,1,5,A10,394,1000000394,0
1,1,01-01,1111111111,1,5,A11,395,1000000395,0
1,1,01-01,1111111111,1,5,A12,396,1000000396,0
1,1,01-01,1111111111,1,5,B01,397,1000000397,0
1,1,01-01,1111111111,1,5,B02,398,1000000398,0
1,1,01-01,1111111111,1,5,B03,399,1000000399,0
1,1,01-01,1111111111,1,5,B04,400,1000000400,1
1,1,01-01,1111111111,1,5,B05,401,1000000401,1
1,1,01-01,1111111111,1,5,B06,402,1000000402,0
1,1,01-01,1111111111,1,5,B07,403,1000000403,0
1,1,01-01,1111111111,1,5,B08,404,1000000404,
1,1,01-01,1111111111,1,5,B09,405,1000000405,0
1,1,01-01,1111111111,1,5,B10,406,1000000406,0
1,1,01-01,1111111111,1,5,B11,407,1000000407,0
1,1,01-01,1111111111,1,5,B12,408,1000000408,
1,1,01-01,1111111111,1,5,C01,409,1000000409,0
1,1,01-01,1111111111,1,5,C02,410,1000000410,0
1,1,01-01,1111111111,1,5,C03,411,1000000411,
1,1,01-01,1111111111,1,5,C04,412,1000000412,0
1,1,01-01,1111111111,1,5,C05,413,1000000413,0
1,1,01-01,1111111111,1,5,C06,414,1000000414,
1,1,01-01,1111111111,1,5,C07,415,1000000415,0
1,1,01-01,1111111111,1,5,C08,416,1000000416,0
1,1,01-01,1111111111,1,5,C09,417,1000000417,0
1,1,01-01,1111111111,1,5,C10,418,1000000418,0
1,1,01-01,1111111111,1,5,C11,419,1000000419,0
1,1,01-01,1111111111,1,5,C12,420,1000000420,0
1,1,01-01,1111111111,1,5,D01,421,1000000421,0
1,1,01-01,1111111111,1,5,D02,422,1000000422,0
1,1,01-01,1111111111,1,5,D03,423,1000000423,0
1,1,01-01,1111111111,1,5,D04,424,1000000424,1
1,1,01-01,1111111111,1,5,D05,425,1000000425,0
1,1,01-01,1111111111,1,5,D06,426,1000000426,0
1,1,01-01,1111111111,1,5,D07,427,1000000427,0
1,1,01-01,1111111111,1,5,D08,428,1000000428,0
1,1,01-01,1111111111,1,5,D09,429,1000000429,0
1,1,01-01,1111111111,1,5,D10,430,1000000430,0
1,1,01-01,1111111111,1,5,D11,431,1000000431,0
1,1,01-01,1111111111,1,5,D12,432,1000000432,0
1,1,01-01,1111111111,1,5,E01,433,1000000433,1
1,1,01-01,1111111111,1,5,E02,434,1000000434,0
1,1,01-01,1111111111,1,5,E03,435,1000000435,0
1,1,01-01,1111111111,1,5,E04,436,1000000436,
1,1,01-01,1111111111,1,5,E05,437,1000000437,0
1,1,01-01,1111111111,1,5,E06,438,1000000438,0
1,1,01-01,1111111111,1,5,E07,439,1000000439,0
1,1,01-01,1111111111,1,5,E08,440,1000000440,0
1,1,01-01,1111111111,1,5,E09,441,1000000441,0
1,1,01-01,1111111111,1,5,E10,442,1000000442,
1,1,01-01,1111111111,1,5,E11,443,1000000443,0
1,1,01-01,1111111111,1,5,E12,444,1000000444,0
1,1,01-01,1111111111,1,5,F01,445,1000000445,0
1,1,01-01,1111111111,1,5,F02,446,1000000446,0
1,1,01-01,1111111111,1,5,F03,447,1000000447,0
1,1,01-01,1111111111,1,5,F04,448,1000000448,0
1,1,01-01,1111111111,1,5,F05,449,1000000449,0
1,1,01-01,1111111111,1,5,F06,450,1000000450,0
1,1,01-01,1111111111,1,5,F07,451,1000000451,0
1,1,01-01,1111111111,1,5,F08,452,1000000452,0
1,1,01-01,1111111111,1,5,F09,453,1000000453,0
1,1,01-01,1111111111,1,5,F10,454,1000000454,0
1,1,01-01,1111111111,1,5,F11,455,1000000455,0
1,1,01-01,1111111111,1,5,F12,456,1000000456,0
1,1,01-01,1111111111,1,5,G01,457,1000000457,0
1,1,01-01,1111111111,1,5,G02,458,1000000458,0
1,1,01-01,1111111111,1,5,G03,459,1000000459,0
1,1,01-01,1111111111,1,5,G04,460,1000000460,0
1,1,01-01,1111111111,1,5,G05,461,1000000461,0
1,1,01-01,1111111111,1,5,G06,462,1000000462,
1,1,01-01,1111111111,1,5,G07,463,1000000463,
1,1,01-01,1111111111,1,5,G08,464,1000000464,0
1,1,01-01,1111111111,1,5,G09,465,1000000465,0
1,1,01-01,1111111111,1,5,G10,466,1000000466,0
1,1,01-01,1111111111,1,5,G11,467,1000000467,0
1,1,01-01,1111111111,1,5,G12,468,1000000468,0
1,1,01-01,1111111111,1,5,H01,469,1000000469,0
1,1,01-01,1111111111,1,5,H02,470,1000000470,0
1,1,01-01,1111111111,1,5,H03,471,1000000471,0
1,1,01-01,1111111111,1,5,H04,472,1000000472,0
1,1,01-01,1111111111,1,5,H05,473,1000000473,0
1,1,01-01,1111111111,1,5,H06,474,1000000474,0
1,1,01-01,1111111111,1,5,H07,475,1000000475,0
1,1,01-01,1111111111,1,5,H08,476,1000000476,0
1,1,01-01,1111111111,1,5,H09,477,1000000477,0
1,1,01-01,1111111111,1,5,H10,478,1000000478,0
1,1,01-01,1111111111,1,5,H11,479,1000000479,0
1,1,01-01,1111111111,1,5,H12,480,1000000480,0
1,1,01-01,1111111111,1,6,A01,481,1000000481,0
1,1,01-01,1111111111,1,6,A02,482,1000000482,0
1,1,01-01,1111111111,1,6,A03,483,1000000483,0
1,1,01-01,1111111111,1,6,A04,484,1000000484,
1,1,01-01,1111111111,1,6,A05,485,1000000485,0
1,1,01-01,1111111111,1,6,A06,486,1000000486,0
1,1,01-01,1111111111,1,6,A07,487,1000000487,0
1,1,01-01,1111111111,1,6,A08,488,1000000488,0
1,1,01-01,1111111111,1,6,A09,489,1000000489,0
1,1,01-01,1111111111,1,6,A10,490,1000000490,0
1,1,01-01,1111111111,1,6,A11,491,1000000491,0
1,1,01-01,1111111111,1,6,A12,492,1000000492,0
1,1,01-01,1111111111,1,6,B01,493,1000000493,
1,1,01-01,1111111111,1,6,B02,494,1000000494,0
1,1,01-01,1111111111,1,6,B03,495,1000000495,0
1,1,01-01,1111111111,1,6,B04,496,1000000496,0
1,1,01-01,1111111111,1,6,B05,497,1000000497,0
1,1,01-01,1111111111,1,6,B06,498,1000000498,0
1,1,01-01,1111111111,1,6,B07,499,1000000499,
1,1,01-01,1111111111,1,6,B08,500,1000000500,
1,1,01-01,1111111111,1,6,B09,501,1000000501,0
1,1,01-01,1111111111,1,6,B10,502,1000000502,
1,1,01-01,1111111111,1,6,B11,503,1000000503,1
1,1,01-01,1111111111,1,6,B12,504,1000000504,0
1,1,01-01,1111111111,1,6,C01,505,1000000505,0
1,1,01-01,1111111111,1,6,C02,506,1000000506,0
1,1,01-01,1111111111,1,6,C03,507,1000000507,0
1,1,01-01,1111111111,1,6,C04,508,1000000508,0
1,1,01-01,1111111111,1,6,C05,509,1000000509,0
1,1,01-01,1111111111,1,6,C06,510,1000000510,0
1,1,01-01,1111111111,1,6,C07,511,1000000511,0
1,1,01-01,1111111111,1,6,C08,512,1000000512,0
1,1,01-01,1111111111,1,6,C09,513,1000000513,0
1,1,01-01,1111111111,1,6,C10,514,1000000514,0
1,1,01-01,1111111111,1,6,C11,515,1000000515,0
1,1,01-01,1111111111,1,6,C12,516,1000000516,0
1,1,01-01,1111111111,1,6,D01,517,1000000517,0
1,1,01-01,1111111111,1,6,D02,518,1000000518,0
1,1,01-01,1111111111,1,6,D03,519,1000000519,0
1,1,01-01,1111111111,1,6,D04,520,1000000520,0
1,1,01-01,1111111111,1,6,D05,521,1000000521,0
1,1,01-01,1111111111,1,6,D06,522,1000000522,0
1,1,01-01,1111111111,1,6,D07,523,1000000523,0
1,1,01-01,1111111111,1,6,D08,524,1000000524,0
1,1,01-01,1111111111,1,6,D09,525,1000000525,0
1,1,01-01,1111111111,1,6,D10,526,1000000526,0
1,1,01-01,1111111111,1,6,D11,527,1000000527,0
1,1,01-01,1111111111,1,6,D12,528,1000000528,0
1,1,01-01,1111111111,1,6,E01,529,1000000529,0
1,1,01-01,1111111111,1,6,E02,530,1000000530,0
1,1,01-01,1111111111,1,6,E03,531,1000000531,0
1,1,01-01,1111111111,1,6,E04,532,1000000532,0
1,1,01-01,1111111111,1,6,E05,533,1000000533,0
1,1,01-01,1111111111,1,6,E06,534,1000000534,0
1,1,01-01,1111111111,1,6,E07,535,1000000535,0
1,1,01-01,1111111111,1,6,E08,536,1000000536,0
1,1,01-01,1111111111,1,6,E09,537,1000000537,1
1,1,01-01,1111111111,1,6,E10,538,1000000538,0
1,1,01-01,1111111111,1,6,E11,539,1000000539,0
1,1,01-01,1111111111,1,6,E12,540,1000000540,0
1,1,01-01,1111111111,1,6,F01,541,1000000541,0
1,1,01-01,1111111111,1,6,F02,542,1000000542,0
1,1,01-01,1111111111,1,6,F03,543,1000000543,0
1,1,01-01,1111111111,1,6,F04,544,1000000544,0
1,1,01-01,1111111111,1,6,F05,545,1000000545,0
1,1,01-01,1111111111,1,6,F06,546,1000000546,0
1,1,01-01,1111111111,1,6,F07,547,1000000547,0
1,1,01-01,1111111111,1,6,F08,548,1000000548,0
1,1,01-01,1111111111,1,6,F09,549,1000000549,0
1,1,01-01,1111111111,1,6,F10,550,1000000550,0
1,1,01-01,1111111111,1,6,F11,551,1000000551,0
1,1,01-01,1111111111,1,6,F12,552,1000000552,
1,1,01-01,1111111111,1,6,G01,553,1000000553,1
1,1,01-01,1111111111,1,6,G02,554,1000000554,0
1,1,01-01,1111111111,1,6,G03,555,1000000555,0
1,1,01-01,1111111111,1,6,G04,556,1000000556,0
1,1,01-01,1111111111,1,6,G05,557,1000000557,0
1,1,01-01,1111111111,1,6,G06,558,1000000558,0
1,1,01-01,1111111111,1,6,G07,559,1000000559,0
1,1,01-01,1111111111,1,6,G08,560,1000000560,0
1,1,01-01,1111111111,1,6,G09,561,1000000561,0
1,1,01-01,1111111111,1,6,G10,562,1000000562,0
1,1,01-01,1111111111,1,6,G11,563,1000000563,0
1,1,01-01,1111111111,1,6,G12,564,1000000564,0
1,1,01-01,1111111111,1,6,H01,565,1000000565,0
1,1,01-01,1111111111,1,6,H02,566,1000000566,0
1,1,01-01,1111111111,1,6,H03,567,1000000567,0
1,1,01-01,1111111111,1,6,H04,568,1000000568,0
1,1,01-01,1111111111,1,6,H05,569,1000000569,0
1,1,01-01,1111111111,1,6,H06,570,1000000570,0
1,1,01-01,1111111111,1,6,H07,571,1000000571,0
1,1,01-01,1111111111,1,6,H08,572,1000000572,1
1,1,01-01,1111111111,1,6,H09,573,1000000573,0
1,1,01-01,1111111111,1,6,H10,574,1000000574,0
1,1,01-01,1111111111,1,6,H11,575,1000000575,0
1,1,01-01,1111111111,1,6,H12,576,1000000576,0
1,2,01-02,1111111112,1,1,A01,577,1000000577,0
1,2,01-02,1111111112,1,1,A02,578,1000000578,
1,2,01-02,1111111112,1,1,A03,579,1000000579,0
1,2,01-02,1111111112,1,1,A04,580,1000000580,0
1,2,01-02,1111111112,1,1,A05,581,1000000581,0
1,2,01-02,1111111112,1,1,A06,582,1000000582,0
1,2,01-02,1111111112,1,1,A07,583,1000000583,0
1,2,01-02,1111111112,1,1,A08,584,1000000584,0
1,2,01-02,1111111112,1,1,A09,585,1000000585,0
1,2,01-02,1111111112,1,1,A10,586,1000000586,0
1,2,01-02,1111111112,1,1,A11,587,1000000587,0
1,2,01-02,1111111112,1,1,A12,588,1000000588,0
1,2,01-02,1111111112,1,1,B01,589,1000000589,0
1,2,01-02,1111111112,1,1,B02,590,1000000590,0
1,2,01-02,1111111112,1,1,B03,591,1000000591,1
1,2,01-02,1111111112,1,1,B04,592,1000000592,0
1,2,01-02,1111111112,1,1,B05,593,1000000593,0
1,2,01-02,1111111112,1,1,B06,594,1000000594,0
1,2,01-02,1111111112,1,1,B07,595,1000000595,0
1,2,01-02,1111111112,1,1,B08,596,1000000596,0
1,2,01-02,1111111112,1,1,B09,597,1000000597,0
1,2,01-02,1111111112,1,1,B10,598,1000000598,0
1,2,01-02,1111111112,1,1,B11,599,1000000599,0
1,2,01-02,1111111112,1,1,B12,600,1000000600,0
1,2,01-02,1111111112,1,1,C01,601,1000000601,0
1,2,01-02,1111111112,1,1,C02,602,1000000602,0
1,2,01-02,1111111112,1,1,C03,603,1000000603,0
1,2,01-02,1111111112,1,1,C04,604,1000000604,0
1,2,01-02,1111111112,1,1,C05,605,1000000605,0
1,2,01-02,1111111112,1,1,C06,606,1000000606,0
1,2,01-02,1111111112,1,1,C07,607,1000000607,0
1,2,01-02,1111111112,1,1,C08,608,1000000608,0
1,2,01-02,1111111112,1,1,C09,609,1000000609,0
1,2,01-02,1111111112,1,1,C10,610,1000000610,0
1,2,01-02,1111111112,1,1,C11,611,1000000611,0
1,2,01-02,1111111112,1,1,C12,612,1000000612,0
1,2,01-02,1111111112,1,1,D01,613,1000000613,0
1,2,01-02,1111111112,1,1,D02,614,1000000614,0
1,2,01-02,1111111112,1,1,D03,615,1000000615,0
1,2,01-02,1111111112,1,1,D04,616,1000000616,1
1,2,01-02,1111111112,1,1,D05,617,1000000617,0
1,2,01-02,1111111112,1,1,D06,618,1000000618,0
1,2,01-02,1111111112,1,1,D07,619,1000000619,1
1,2,01-02,1111111112,1,1,D08,620,1000000620,0
1,2,01-02,1111111112,1,1,D09,621,1000000621,1
1,2,01-02,1111111112,1,1,D10,622,1000000622,0
1,2,01-02,1111111112,1,1,D11,623,1000000623,0
1,2,01-02,1111111112,1,1,D12,624,1000000624,0
1,2,01-02,1111111112,1,1,E01,625,1000000625,0
1,2,01-02,1111111112,1,1,E02,626,1000000626,1
1,2,01-02,1111111112,1,1,E03,627,1000000627,0
1,2,01-02,1111111112,1,1,E04,628,1000000628,0
1,2,01-02,1111111112,1,1,E05,629,1000000629,0
1,2,01-02,1111111112,1,1,E06,630,1000000630,0
1,2,01-02,1111111112,1,1,E07,631,1000000631,0
1,2,01-02,1111111112,1,1,E08,632,1000000632,1
1,2,01-02,1111111112,1,1,E09,633,1000000633,0
1,2,01-02,1111111112,1,1,E10,634,1000000634,0
1,2,01-02,1111111112,1,1,E11,635,1000000635,0
1,2,01-02,1111111112,1,1,E12,636,1000000636,0
1,2,01-02,1111111112,1,1,F01,637,1000000637,0
1,2,01-02,1111111112,1,1,F02,638,1000000638,0
1,2,01-02,1111111112,1,1,F03,639,1000000639,0
1,2,01-02,1111111112,1,1,F04,640,1000000640,0
1,2,01-02,1111111112,1,1,F05,641,1000000641,0
1,2,01-02,1111111112,1,1,F06,642,1000000642,0
1,2,01-02,1111111112,1,1,F07,643,1000000643,0
1,2,01-02,1111111112,1,1,F08,644,1000000644,0
1,2,01-02,1111111112,1,1,F09,645,1000000645,0
1,2,01-02,1111111112,1,1,F10,646,1000000646,0
1,2,01-02,1111111112,1,1,F11,647,1000000647,0
1,2,01-02,1111111112,1,1,F12,648,1000000648,0
1,2,01-02,1111111112,1,1,G01,649,1000000649,0
1,2,01-02,1111111112,1,1,G02,650,1000000650,0
1,2,01-02,1111111112,1,1,G03,651,1000000651,0
1,2,01-02,1111111112,1,1,G04,652,1000000652,0
1,2,01-02,1111111112,1,1,G05,653,1000000653,0
1,2,01-02,1111111112,1,1,G06,654,1000000654,1
1,2,01-02,1111111112,1,1,G07,655,1000000655,0
1,2,01-02,1111111112,1,1,G08,656,1000000656,0
1,2,01-02,1111111112,1,1,G09,657,1000000657,0
1,2,01-02,1111111112,1,1,G10,658,1000000658,0
1,2,01-02,1111111112,1,1,G11,659,1000000659,0
1,2,01-02,1111111112,1,1,G12,660,1000000660,0
1,2,01-02,1111111112,1,1,H01,661,1000000661,0
1,2,01-02,1111111112,1,1,H02,662,1000000662,0
1,2,01-02,1111111112,1,1,H03,663,1000000663,0
1,2,01-02,1111111112,1,1,H04,664,1000000664,0
1,2,01-02,1111111112,1,1,H05,665,1000000665,0
1,2,01-02,1111111112,1,1,H06,666,1000000666,0
1,2,01-02,1111111112,1,1,H07,667,1000000667,1
1,2,01-02,1111111112,1,1,H08,668,1000000668,0
1,2,01-02,1111111112,1,1,H09,669,1000000669,0
1,2,01-02,1111111112,1,1,H10,670,1000000670,0
1,2,01-02,1111111112,1,1,H11,671,1000000671,
1,2,01-02,1111111112,1,1,H12,672,1000000672,0
1,2,01-02,1111111112,1,2,A01,673,1000000673,0
1,2,01-02,1111111112,1,2,A02,674,1000000674,0
1,2,01-02,1111111112,1,2,A03,675,1000000675,0
1,2,01-02,1111111112,1,2,A04,676,1000000676,0
1,2,01-02,1111111112,1,2,A05,677,1000000677,0
1,2,01-02,1111111112,1,2,A06,678,1000000678,0
1,2,01-02,1111111112,1,2,A07,679,1000000679,0
1,2,01-02,1111111112,1,2,A08,680,1000000680,0
1,2,01-02,1111111112,1,2,A09,681,1000000681,0
1,2,01-02,1111111112,1,2,A10,682,1000000682,1
1,2,01-02,1111111112,1,2,A11,683,1000000683,0
1,2,01-02,1111111112,1,2,A12,684,1000000684,0
1,2,01-02,1111111112,1,2,B01,685,1000000685,0
1,2,01-02,1111111112,1,2,B02,686,1000000686,0
1,2,01-02,1111111112,1,2,B03,687,1000000687,0
1,2,01-02,1111111112,1,2,B04,688,1000000688,0
1,2,01-02,1111111112,1,2,B05,689,1000000689,0
1,2,01-02,1111111112,1,2,B06,690,1000000690,0
1,2,01-02,1111111112,1,2,B07,691,1000000691,0
1,2,01-02,1111111112,1,2,B08,692,1000000692,0
1,2,01-02,1111111112,1,2,B09,693,1000000693,0
1,2,01-02,1111111112,1,2,B10,694,1000000694,0
1,2,01-02,1111111112,1,2,B11,695,1000000695,0
1,2,01-02,1111111112,1,2,B12,696,1000000696,0
1,2,01-02,1111111112,1,2,C01,697,1000000697,0
1,2,01-02,1111111112,1,2,C02,698,1000000698,0
1,2,01-02,1111111112,1,2,C03,699,1000000699,0
1,2,01-02,1111111112,1,2,C04,700,1000000700,0
1,2,01-02,1111111112,1,2,C05,701,1000000701,0
1,2,01-02,1111111112,1,2,C06,702,1000000702,
1,2,01-02,1111111112,1,2,C07,703,1000000703,0
1,2,01-02,1111111112,1,2,C08,704,1000000704,0
1,2,01-02,1111111112,1,2,C09,705,1000000705,0
1,2,01-02,1111111112,1,2,C10,706,1000000706,0
1,2,01-02,1111111112,1,2,C11,707,1000000707,0
1,2,01-02,1111111112,1,2,C12,708,1000000708,0
1,2,01-02,1111111112,1,2,D01,709,1000000709,0
1,2,01-02,1111111112,1,2,D02,710,1000000710,0
1,2,01-02,1111111112,1,2,D03,711,1000000711,0
1,2,01-02,1111111112,1,2,D04,712,1000000712,0
1,2,01-02,1111111112,1,2,D05,713,1000000713,0
1,2,01-02,1111111112,1,2,D06,714,1000000714,0
1,2,01-02,1111111112,1,2,D07,715,1000000715,0
1,2,01-02,1111111112,1,2,D08,716,1000000716,0
1,2,01-02,1111111112,1,2,D09,717,1000000717,0
1,2,01-02,1111111112,1,2,D10,718,1000000718,0
1,2,01-02,1111111112,1,2,D11,719,1000000719,0
1,2,01-02,1111111112,1,2,D12,720,1000000720,1
1,2,01-02,1111111112,1,2,E01,721,1000000721,0
1,2,01-02,1111111112,1,2,E02,722,1000000722,0
1,2,01-02,1111111112,1,2,E03,723,1000000723,0
1,2,01-02,1111111112,1,2,E04,724,1000000724,0
1,2,01-02,1111111112,1,2,E05,725,1000000725,0
1,2,01-02,1111111112,1,2,E06,726,1000000726,0
1,2,01-02,1111111112,1,2,E07,727,1000000727,0
1,2,01-02,1111111112,1,2,E08,728,1000000728,0
1,2,01-02,1111111112,1,2,E09,729,1000000729,0
1,2,01-02,1111111112,1,2,E10,730,1000000730,0
1,2,01-02,1111111112,1,2,E11,731,1000000731,0
1,2,01-02,1111111112,1,2,E12,732,1000000732,
1,2,01-02,1111111112,1,2,F01,733,1000000733,0
1,2,01-02,1111111112,1,2,F02,734,1000000734,0
1,2,01-02,1111111112,1,2,F03,735,1000000735,0
1,2,01-02,1111111112,1,2,F04,736,1000000736,0
1,2,01-02,1111111112,1,2,F05,737,1000000737,0
1,2,01-02,1111111112,1,2,F06,738,1000000738,0
1,2,01-02,1111111112,1,2,F07,739,1000000739,0
1,2,01-02,1111111112,1,2,F08,740,1000000740,0
1,2,01-02,1111111112,1,2,F09,741,1000000741,0
1,2,01-02,1111111112,1,2,F10,742,1000000742,0
1,2,01-02,1111111112,1,2,F11,743,1000000743,0
1,2,01-02,1111111112,1,2,F12,744,1000000744,0
1,2,01-02,1111111112,1,2,G01,745,1000000745,0
1,2,01-02,1111111112,1,2,G02,746,1000000746,0
1,2,01-02,1111111112,1,2,G03,747,1000000747,0
1,2,01-02,1111111112,1,2,G04,748,1000000748,0
1,2,01-02,1111111112,1,2,G05,749,1000000749,0
1,2,01-02,1111111112,1,2,G06,750,1000000750,0
1,2,01-02,1111111112,1,2,G07,751,1000000751,0
1,2,01-02,1111111112,1,2,G08,752,1000000752,0
1,2,01-02,1111111112,1,2,G09,753,1000000753,0
1,2,01-02,1111111112,1,2,G10,754,1000000754,0
1,2,01-02,1111111112,1,2,G11,755,1000000755,1
1,2,01-02,1111111112,1,2,G12,756,1000000756,0
1,2,01-02,1111111112,1,2,H01,757,1000000757,0
1,2,01-02,1111111112,1,2,H02,758,1000000758,0
1,2,01-02,1111111112,1,2,H03,759,1000000759,0
1,2,01-02,1111111112,1,2,H04,760,1000000760,0
1,2,01-02,1111111112,1,2,H05,761,1000000761,0
1,2,01-02,1111111112,1,2,H06,762,1000000762,0
1,2,01-02,1111111112,1,2,H07,763,1000000763,
1,2,01-02,1111111112,1,2,H08,764,1000000764,0
1,2,01-02,1111111112,1,2,H09,765,1000000765,0
1,2,01-02,1111111112,1,2,H10,766,1000000766,0
1,2,01-02,1111111112,1,2,H11,767,1000000767,0
1,2,01-02,1111111112,1,2,H12,768,1000000768,0
1,2,01-02,1111111112,1,3,A01,769,1000000769,0
1,2,01-02,1111111112,1,3,A02,770,1000000770,0
1,2,01-02,1111111112,1,3,A03,771,1000000771,0
1,2,01-02,1111111112,1,3,A04,772,1000000772,0
1,2,01-02,1111111112,1,3,A05,773,1000000773,0
1,2,01-02,1111111112,1,3,A06,774,1000000774,0
1,2,01-02,1111111112,1,3,A07,775,1000000775,0
1,2,01-02,1111111112,1,3,A08,776,1000000776,0
1,2,01-02,1111111112,1,3,A09,777,1000000777,0
1,2,01-02,1111111112,1,3,A10,778,1000000778,0
1,2,01-02,1111111112,1,3,A11,779,1000000779,0
1,2,01-02,1111111112,1,3,A12,780,1000000780,0
1,2,01-02,1111111112,1,3,B01,781,1000000781,0
1,2,01-02,1111111112,1,3,B02,782,1000000782,0
1,2,01-02,1111111112,1,3,B03,783,1000000783,0
1,2,01-02,1111111112,1,3,B04,784,1000000784,0
1,2,01-02,1111111112,1,3,B05,785,1000000785,0
1,2,01-02,1111111112,1,3,B06,786,1000000786,0
1,2,01-02,1111111112,1,3,B07,787,1000000787,1
1,2,01-02,1111111112,1,3,B08,788,1000000788,0
1,2,01-02,1111111112,1,3,B09,789,1000000789,0
1,2,01-02,1111111112,1,3,B10,790,1000000790,0
1,2,01-02,1111111112,1,3,B11,791,1000000791,0
1,2,01-02,1111111112,1,3,B12,792,1000000792,0
1,2,01-02,1111111112,1,3,C01,793,1000000793,0
1,2,01-02,1111111112,1,3,C02,794,1000000794,0
1,2,01-02,1111111112,1,3,C03,795,1000000795,0
1,2,01-02,1111111112,1,3,C04,796,1000000796,0
1,2,01-02,1111111112,1,3,C05,797,1000000797,0
1,2,01-02,1111111112,1,3,C06,798,1000000798,0
1,2,01-02,1111111112,1,3,C07,799,1000000799,0
1,2,01-02,1111111112,1,3,C08,800,1000000800,0
1,2,01-02,1111111112,1,3,C09,801,1000000801,0
1,2,01-02,1111111112,1,3,C10,802,1000000802,
1,2,01-02,1111111112,1,3,C11,803,1000000803,0
1,2,01-02,1111111112,1,3,C12,804,1000000804,0
1,2,01-02,1111111112,1,3,D01,805,1000000805,0
1,2,01-02,1111111112,1,3,D02,806,1000000806,0
1,2,01-02,1111111112,1,3,D03,807,1000000807,0
1,2,01-02,1111111112,1,3,D04,808,1000000808,1
1,2,01-02,1111111112,1,3,D05,809,1000000809,0
1,2,01-02,1111111112,1,3,D06,810,1000000810,
1,2,01-02,1111111112,1,3,D07,811,1000000811,0
1,2,01-02,1111111112,1,3,D08,812,1000000812,0
1,2,01-02,1111111112,1,3,D09,813,1000000813,0
1,2,01-02,1111111112,1,3,D10,814,1000000814,0
1,2,01-02,1111111112,1,3,D11,815,1000000815,0
1,2,01-02,1111111112,1,3,D12,816,1000000816,0
1,2,01-02,1111111112,1,3,E01,817,1000000817,0
1,2,01-02,1111111112,1,3,E02,818,1000000818,0
1,2,01-02,1111111112,1,3,E03,819,1000000819,0
1,2,01-02,1111111112,1,3,E04,820,1000000820,0
1,2,01-02,1111111112,1,3,E05,821,1000000821,1
1,2,01-02,1111111112,1,3,E06,822,1000000822,0
1,2,01-02,1111111112,1,3,E07,823,1000000823,0
1,2,01-02,1111111112,1,3,E08,824,1000000824,0
1,2,01-02,1111111112,1,3,E09,825,1000000825,0
1,2,01-02,1111111112,1,3,E10,826,1000000826,0
1,2,01-02,1111111112,1,3,E11,827,1000000827,0
1,2,01-02,1111111112,1,3,E12,828,1000000828,0
1,2,01-02,1111111112,1,3,F01,829,1000000829,0
1,2,01-02,1111111112,1,3,F02,830,1000000830,0
1,2,01-02,1111111112,1,3,F03,831,1000000831,0
1,2,01-02,1111111112,1,3,F04,832,1000000832,0
1,2,01-02,1111111112,1,3,F05,833,1000000833,0
1,2,01-02,1111111112,1,3,F06,834,1000000834,0
1,2,01-02,1111111112,1,3,F07,835,1000000835,0
1,2,01-02,1111111112,1,3,F08,836,1000000836,0
1,2,01-02,1111111112,1,3,F09,837,1000000837,0
1,2,01-02,1111111112,1,3,F10,838,1000000838,0
1,2,01-02,1111111112,1,3,F11,839,1000000839,0
1,2,01-02,1111111112,1,3,F12,840,1000000840,0
1,2,01-02,1111111112,1,3,G01,841,1000000841,0
1,2,01-02,1111111112,1,3,G02,842,1000000842,0
1,2,01-02,1111111112,1,3,G03,843,1000000843,
1,2,01-02,1111111112,1,3,G04,844,1000000844,0
1,2,01-02,1111111112,1,3,G05,845,1000000845,1
1,2,01-02,1111111112,1,3,G06,846,1000000846,0
1,2,01-02,1111111112,1,3,G07,847,1000000847,0
1,2,01-02,1111111112,1,3,G08,848,1000000848,0
1,2,01-02,1111111112,1,3,G09,849,1000000849,0
1,2,01-02,1111111112,1,3,G10,850,1000000850,0
1,2,01-02,1111111112,1,3,G11,851,1000000851,0
1,2,01-02,1111111112,1,3,G12,852,1000000852,0
1,2,01-02,1111111112,1,3,H01,853,1000000853,0
1,2,01-02,1111111112,1,3,H02,854,1000000854,0
1,2,01-02,1111111112,1,3,H03,855,1000000855,0
1,2,01-02,1111111112,1,3,H04,856,1000000856,0
1,2,01-02,1111111112,1,3,H05,857,1000000857,0
1,2,01-02,1111111112,1,3,H06,858,1000000858,0
1,2,01-02,1111111112,1,3,H07,859,1000000859,0
1,2,01-02,1111111112,1,3,H08,860,1000000860,0
1,2,01-02,1111111112,1,3,H09,861,1000000861,0
1,2,01-02,1111111112,1,3,H10,862,1000000862,0
1,2,01-02,1111111112,1,3,H11,863,1000000863,0
1,2,01-02,1111111112,1,3,H12,864,1000000864,0
1,2,01-02,1111111112,1,4,A01,865,1000000865,
1,2,01-02,1111111112,1,4,A02,866,1000000866,0
1,2,01-02,1111111112,1,4,A03,867,1000000867,0
1,2,01-02,1111111112,1,4,A04,868,1000000868,0
1,2,01-02,1111111112,1,4,A05,869,1000000869,0
1,2,01-02,1111111112,1,4,A06,870,1000000870,0
1,2,01-02,1111111112,1,4,A07,871,1000000871,1
1,2,01-02,1111111112,1,4,A08,872,1000000872,0
1,2,01-02,1111111112,1,4,A09,873,1000000873,0
1,2,01-02,1111111112,1,4,A10,874,1000000874,0
1,2,01-02,1111111112,1,4,A11,875,1000000875,0
1,2,01-02,1111111112,1,4,A12,876,1000000876,0
1,2,01-02,1111111112,1,4,B01,877,1000000877,1
1,2,01-02,1111111112,1,4,B02,878,1000000878,0
1,2,01-02,1111111112,1,4,B03,879,1000000879,0
1,2,01-02,1111111112,1,4,B04,880,1000000880,0
1,2,01-02,1111111112,1,4,B05,881,1000000881,0
1,2,01-02,1111111112,1,4,B06,882,1000000882,0
1,2,01-02,1111111112,1,4,B07,883,1000000883,1
1,2,01-02,1111111112,1,4,B08,884,1000000884,0
1,2,01-02,1111111112,1,4,B09,885,1000000885,0
1,2,01-02,1111111112,1,4,B10,886,1000000886,0
1,2,01-02,1111111112,1,4,B11,887,1000000887,0
1,2,01-02,1111111112,1,4,B12,888,1000000888,0
1,2,01-02,1111111112,1,4,C01,889,1000000889,0
1,2,01-02,1111111112,1,4,C02,890,1000000890,
1,2,01-02,1111111112,1,4,C03,891,1000000891,0
1,2,01-02,1111111112,1,4,C04,892,1000000892,0
1,2,01-02,1111111112,1,4,C05,893,1000000893,0
1,2,01-02,1111111112,1,4,C06,894,1000000894,0
1,2,01-02,1111111112,1,4,C07,895,1000000895,0
1,2,01-02,1111111112,1,4,C08,896,1000000896,0
1,2,01-02,1111111112,1,4,C09,897,1000000897,0
1,2,01-02,1111111112,1,4,C10,898,1000000898,0
1,2,01-02,1111111112,1,4,C11,899,1000000899,0
1,2,01-02,1111111112,1,4,C12,900,1000000900,0
1,2,01-02,1111111112,1,4,D01,901,1000000901,0
1,2,01-02,1111111112,1,4,D02,902,1000000902,0
1,2,01-02,1111111112,1,4,D03,903,1000000903,0
1,2,01-02,1111111112,1,4,D04,904,1000000904,0
1,2,01-02,1111111112,1,4,D05,905,1000000905,0
1,2,01-02,1111111112,1,4,D06,906,1000000906,0
1,2,01-02,1111111112,1,4,D07,907,1000000907,0
1,2,01-02,1111111112,1,4,D08,908,1000000908,0
1,2,01-02,1111111112,1,4,D09,909,1000000909,0
1,2,01-02,1111111112,1,4,D10,910,1000000910,0
1,2,01-02,1111111112,1,4,D11,911,1000000911,0
1,2,01-02,1111111112,1,4,D12,912,1000000912,0
1,2,01-02,1111111112,1,4,E01,913,1000000913,1
1,2,01-02,1111111112,1,4,E02,914,1000000914,0
1,2,01-02,1111111112,1,4,E03,915,1000000915,0
1,2,01-02,1111111112,1,4,E04,916,1000000916,0
1,2,01-02,1111111112,1,4,E05,917,1000000917,0
1,2,01-02,1111111112,1,4,E06,918,1000000918,
1,2,01-02,1111111112,1,4,E07,919,1000000919,0
1,2,01-02,1111111112,1,4,E08,920,1000000920,0
1,2,01-02,1111111112,1,4,E09,921,1000000921,0
1,2,01-02,1111111112,1,4,E10,922,1000000922,0
1,2,01-02,1111111112,1,4,E11,923,1000000923,0
1,2,01-02,1111111112,1,4,E12,924,1000000924,0
1,2,01-02,1111111112,1,4,F01,925,1000000925,0
1,2,01-02,1111111112,1,4,F02,926,1000000926,0
1,2,01-02,1111111112,1,4,F03,927,1000000927,0
1,2,01-02,1111111112,1,4,F04,928,1000000928,0
1,2,01-02,1111111112,1,4,F05,929,1000000929,0
1,2,01-02,1111111112,1,4,F06,930,1000000930,1
1,2,01-02,1111111112,1,4,F07,931,1000000931,0
1,2,01-02,1111111112,1,4,F08,932,1000000932,0
1,2,01-02,1111111112,1,4,F09,933,1000000933,0
1,2,01-02,1111111112,1,4,F10,934,1000000934,0
1,2,01-02,1111111112,1,4,F11,935,1000000935,0
1,2,01-02,1111111112,1,4,F12,936,1000000936,0
1,2,01-02,1111111112,1,4,G01,937,1000000937,0
1,2,01-02,1111111112,1,4,G02,938,1000000938,0
1,2,01-02,1111111112,1,4,G03,939,1000000939,0
1,2,01-02,1111111112,1,4,G04,940,1000000940,0
1,2,01-02,1111111112,1,4,G05,941,1000000941,0
1,2,01-02,1111111112,1,4,G06,942,1000000942,0
1,2,01-02,1111111112,1,4,G07,943,1000000943,0
1,2,01-02,1111111112,1,4,G08,944,1000000944,0
1,2,01-02,1111111112,1,4,G09,945,1000000945,0
1,2,01-02,1111111112,1,4,G10,946,1000000946,1
1,2,01-02,1111111112,1,4,G11,947,1000000947,0
1,2,01-02,1111111112,1,4,G12,948,1000000948,0
1,2,01-02,1111111112,1,4,H01,949,1000000949,0
1,2,01-02,1111111112,1,4,H02,950,1000000950,0
1,2,01-02,1111111112,1,4,H03,951,1000000951,0
1,2,01-02,1111111112,1,4,H04,952,1000000952,0
1,2,01-02,1111111112,1,4,H05,953,1000000953,0
1,2,01-02,1111111112,1,4,H06,954,1000000954,
1,2,01-02,1111111112,1,4,H07,955,1000000955,0
1,2,01-02,1111111112,1,4,H08,956,1000000956,0
1,2,01-02,1111111112,1,4,H09,957,1000000957,0
1,2,01-02,1111111112,1,4,H10,958,1000000958,0
1,2,01-02,1111111112,1,4,H11,959,1000000959,0
1,2,01-02,1111111112,1,4,H12,960,1000000960,0
1,2,01-02,1111111112,1,5,A01,961,1000000961,0
1,2,01-02,1111111112,1,5,A02,962,1000000962,0
1,2,01-02,1111111112,1,5,A03,963,1000000963,0
1,2,01-02,1111111112,1,5,A04,964,1000000964,0
1,2,01-02,1111111112,1,5,A05,965,1000000965,0
1,2,01-02,1111111112,1,5,A06,966,1000000966,0
1,2,01-02,1111111112,1,5,A07,967,1000000967,0
1,2,01-02,1111111112,1,5,A08,968,1000000968,0
1,2,01-02,1111111112,1,5,A09,969,1000000969,0
1,2,01-02,1111111112,1,5,A10,970,1000000970,0
1,2,01-02,1111111112,1,5,A11,971,1000000971,1
1,2,01-02,1111111112,1,5,A12,972,1000000972,0
1,2,01-02,1111111112,1,5,B01,973,1000000973,0
1,2,01-02,1111111112,1,5,B02,974,1000000974,0
1,2,01-02,1111111112,1,5,B03,975,1000000975,0
1,2,01-02,1111111112,1,5,B04,976,1000000976,0
1,2,01-02,1111111112,1,5,B05,977,1000000977,0
1,2,01-02,1111111112,1,5,B06,978,1000000978,0
1,2,01-02,1111111112,1,5,B07,979,1000000979,0
1,2,01-02,1111111112,1,5,B08,980,1000000980,0
1,2,01-02,1111111112,1,5,B09,981,1000000981,0
1,2,01-02,1111111112,1,5,B10,982,1000000982,
1,2,01-02,1111111112,1,5,B11,983,1000000983,0
1,2,01-02,1111111112,1,5,B12,984,1000000984,0
1,2,01-02,1111111112,1,5,C01,985,1000000985,0
1,2,01-02,1111111112,1,5,C02,986,1000000986,0
1,2,01-02,1111111112,1,5,C03,987,1000000987,0
1,2,01-02,1111111112,1,5,C04,988,1000000988,0
1,2,01-02,1111111112,1,5,C05,989,1000000989,0
1,2,01-02,1111111112,1,5,C06,990,1000000990,1
1,2,01-02,1111111112,1,5,C07,991,1000000991,0
1,2,01-02,1111111112,1,5,C08,992,1000000992,0
1,2,01-02,1111111112,1,5,C09,993,1000000993,0
1,2,01-02,1111111112,1,5,C10,994,1000000994,0
1,2,01-02,1111111112,1,5,C11,995,1000000995,0
1,2,01-02,1111111112,1,5,C12,996,1000000996,
1,2,01-02,1111111112,1,5,D01,997,1000000997,0
1,2,01-02,1111111112,1,5,D02,998,1000000998,0
1,2,01-02,1111111112,1,5,D03,999,1000000999,0
1,2,01-02,1111111112,1,5,D04,1000,1000001000,0
1,2,01-02,1111111112,1,5,D05,1001,1000001001,1
1,2,01-02,1111111112,1,5,D06,1002,1000001002,0
1,2,01-02,1111111112,1,5,D07,1003,1000001003,0
1,2,01-02,1111111112,1,5,D08,1004,1000001004,0
1,2,01-02,1111111112,1,5,D09,1005,1000001005,0
1,2,01-02,1111111112,1,5,D10,1006,1000001006,0
1,2,01-02,1111111112,1,5,D11,1007,1000001007,0
1,2,01-02,1111111112,1,5,D12,1008,1000001008,0
1,2,01-02,1111111112,1,5,E01,1009,1000001009,0
1,2,01-02,1111111112,1,5,E02,1010,1000001010,0
1,2,01-02,1111111112,1,5,E03,1011,1000001011,0
1,2,01-02,1111111112,1,5,E04,1012,1000001012,0
1,2,01-02,1111111112,1,5,E05,1013,1000001013,
1,2,01-02,1111111112,1,5,E06,1014,1000001014,0
1,2,01-02,1111111112,1,5,E07,1015,1000001015,0
1,2,01-02,1111111112,1,5,E08,1016,1000001016,0
1,2,01-02,1111111112,1,5,E09,1017,1000001017,0
1,2,01-02,1111111112,1,5,E10,1018,1000001018,0
1,2,01-02,1111111112,1,5,E11,1019,1000001019,0
1,2,01-02,1111111112,1,5,E12,1020,1000001020,0
1,2,01-02,1111111112,1,5,F01,1021,1000001021,0
1,2,01-02,1111111112,1,5,F02,1022,1000001022,0
1,2,01-02,1111111112,1,5,F03,1023,1000001023,1
1,2,01-02,1111111112,1,5,F04,1024,1000001024,0
1,2,01-02,1111111112,1,5,F05,1025,1000001025,0
1,2,01-02,1111111112,1,5,F06,1026,1000001026,0
1,2,01-02,1111111112,1,5,F07,1027,1000001027,0
1,2,01-02,1111111112,1,5,F08,1028,1000001028,
1,2,01-02,1111111112,1,5,F09,1029,1000001029,0
1,2,01-02,1111111112,1,5,F10,1030,1000001030,0
1,2,01-02,1111111112,1,5,F11,1031,1000001031,0
1,2,01-02,1111111112,1,5,F12,1032,1000001032,0
1,2,01-02,1111111112,1,5,G01,1033,1000001033,0
1,2,01-02,1111111112,1,5,G02,1034,1000001034,0
1,2,01-02,1111111112,1,5,G03,1035,1000001035,0
1,2,01-02,1111111112,1,5,G04,1036,1000001036,0
1,2,01-02,1111111112,1,5,G05,1037,1000001037,0
1,2,01-02,1111111112,1,5,G06,1038,1000001038,0
1,2,01-02,1111111112,1,5,G07,1039,1000001039,0
1,2,01-02,1111111112,1,5,G08,1040,1000001040,0
1,2,01-02,1111111112,1,5,G09,1041,1000001041,0
1,2,01-02,1111111112,1,5,G10,1042,1000001042,0
1,2,01-02,1111111112,1,5,G11,1043,1000001043,0
1,2,01-02,1111111112,1,5,G12,1044,1000001044,0
1,2,01-02,1111111112,1,5,H01,1045,1000001045,
1,2,01-02,1111111112,1,5,H02,1046,1000001046,0
1,2,01-02,1111111112,1,5,H03,1047,1000001047,0
1,2,01-02,1111111112,1,5,H04,1048,1000001048,0
1,2,01-02,1111111112,1,5,H05,1049,1000001049,0
1,2,01-02,1111111112,1,5,H06,1050,1000001050,0
1,2,01-02,1111111112,1,5,H07,1051,1000001051,0
1,2,01-02,1111111112,1,5,H08,1052,1000001052,0
1,2,01-02,1111111112,1,5,H09,1053,1000001053,0
1,2,01-02,1111111112,1,5,H10,1054,1000001054,0
1,2,01-02,1111111112,1,5,H11,1055,1000001055,0
1,2,01-02,1111111112,1,5,H12,1056,1000001056,1
